announcement_date,fiscal_quarter_end,estimated_eps,actual_eps,ticker,fiscal_quarter,fiscal_q_index,surprise,result
2026-01-13,2025-12-31,4.87,5.23,JPM,2025Q4,8103,0.3600000000000003,beat
2025-10-14,2025-09-30,4.83,5.07,JPM,2025Q3,8102,0.2400000000000002,beat
2025-07-15,2025-06-30,4.51,4.96,JPM,2025Q2,8101,0.4500000000000002,beat
2025-04-11,2025-03-31,4.62,5.07,JPM,2025Q1,8100,0.4500000000000002,beat
2025-01-15,2024-12-31,4.03,4.81,JPM,2024Q4,8099,0.7799999999999994,beat
2024-10-11,2024-09-30,4.02,4.37,JPM,2024Q3,8098,0.35000000000000053,beat
2024-07-12,2024-06-30,4.19,4.4,JPM,2024Q2,8097,0.20999999999999996,beat
2024-04-12,2024-03-31,4.18,4.63,JPM,2024Q1,8096,0.4500000000000002,beat
2024-01-12,2023-12-31,3.73,3.97,JPM,2023Q4,8095,0.2400000000000002,beat
2023-10-13,2023-09-30,3.89,4.33,JPM,2023Q3,8094,0.43999999999999995,beat
2023-07-14,2023-06-30,3.62,4.37,JPM,2023Q2,8093,0.75,beat
2023-04-14,2023-03-31,3.41,4.1,JPM,2023Q1,8092,0.6899999999999995,beat
2026-01-13,2025-12-31,1.97,2.08,BK,2025Q4,8103,0.1100000000000001,beat
2025-10-16,2025-09-30,1.76,1.91,BK,2025Q3,8102,0.1499999999999999,beat
2025-07-15,2025-06-30,1.74,1.94,BK,2025Q2,8101,0.19999999999999996,beat
2025-04-11,2025-03-31,1.49,1.58,BK,2025Q1,8100,0.09000000000000008,beat
2025-01-15,2024-12-31,1.56,1.72,BK,2024Q4,8099,0.15999999999999992,beat
2024-10-11,2024-09-30,1.41,1.52,BK,2024Q3,8098,0.1100000000000001,beat
2024-07-12,2024-06-30,1.43,1.51,BK,2024Q2,8097,0.08000000000000007,beat
2024-04-16,2024-03-31,1.19,1.29,BK,2024Q1,8096,0.10000000000000009,beat
2024-01-12,2023-12-31,1.12,1.28,BK,2023Q4,8095,0.15999999999999992,beat
2023-10-17,2023-09-30,1.14,1.27,BK,2023Q3,8094,0.13000000000000012,beat
2023-07-18,2023-06-30,1.22,1.38,BK,2023Q2,8093,0.15999999999999992,beat
2023-04-18,2023-03-31,1.09,1.13,BK,2023Q1,8092,0.039999999999999813,beat
2026-01-13,2025-12-31,1.53,1.55,DAL,2025Q4,8103,0.020000000000000018,beat
2025-10-09,2025-09-30,1.52,1.71,DAL,2025Q3,8102,0.18999999999999995,beat
2025-07-10,2025-06-30,2.04,2.1,DAL,2025Q2,8101,0.06000000000000005,beat
2025-04-09,2025-03-31,0.4,0.46,DAL,2025Q1,8100,0.06,beat
2025-01-10,2024-12-31,1.76,1.85,DAL,2024Q4,8099,0.09000000000000008,beat
2024-10-10,2024-09-30,1.56,1.5,DAL,2024Q3,8098,-0.06000000000000005,miss
2024-07-11,2024-06-30,2.37,2.36,DAL,2024Q2,8097,-0.010000000000000231,miss
2024-04-10,2024-03-31,0.36,0.45,DAL,2024Q1,8096,0.09000000000000002,beat
2024-01-12,2023-12-31,1.17,1.28,DAL,2023Q4,8095,0.1100000000000001,beat
2023-10-12,2023-09-30,1.92,2.03,DAL,2023Q3,8094,0.10999999999999988,beat
2023-07-13,2023-06-30,2.42,2.68,DAL,2023Q2,8093,0.26000000000000023,beat
2023-04-13,2023-03-31,0.29,0.25,DAL,2023Q1,8092,-0.03999999999999998,miss
2026-01-14,2025-12-31,1.65,1.81,C,2025Q4,8103,0.16000000000000014,beat
2025-10-14,2025-09-30,1.91,2.24,C,2025Q3,8102,0.3300000000000003,beat
2025-07-15,2025-06-30,1.61,1.96,C,2025Q2,8101,0.34999999999999987,beat
2025-04-15,2025-03-31,1.84,1.96,C,2025Q1,8100,0.11999999999999988,beat
2025-01-15,2024-12-31,1.25,1.34,C,2024Q4,8099,0.09000000000000008,beat
2024-10-15,2024-09-30,1.34,1.51,C,2024Q3,8098,0.16999999999999993,beat
2024-07-12,2024-06-30,1.4,1.52,C,2024Q2,8097,0.1200000000000001,beat
2024-04-12,2024-03-31,1.29,1.58,C,2024Q1,8096,0.29000000000000004,beat
2024-01-12,2023-12-31,0.73,0.84,C,2023Q4,8095,0.10999999999999999,beat
2023-10-13,2023-09-30,1.26,1.52,C,2023Q3,8094,0.26,beat
2023-07-14,2023-06-30,1.31,1.37,C,2023Q2,8093,0.06000000000000005,beat
2023-04-14,2023-03-31,1.66,1.86,C,2023Q1,8092,0.20000000000000018,beat
2026-01-14,2025-12-31,1.66,1.76,WFC,2025Q4,8103,0.10000000000000009,beat
2025-10-14,2025-09-30,1.55,1.73,WFC,2025Q3,8102,0.17999999999999994,beat
2025-07-15,2025-06-30,1.41,1.54,WFC,2025Q2,8101,0.13000000000000012,beat
2025-04-11,2025-03-31,1.23,1.27,WFC,2025Q1,8100,0.040000000000000036,beat
2025-01-15,2024-12-31,1.34,1.42,WFC,2024Q4,8099,0.07999999999999985,beat
2024-10-11,2024-09-30,1.27,1.52,WFC,2024Q3,8098,0.25,beat
2024-07-12,2024-06-30,1.27,1.33,WFC,2024Q2,8097,0.06000000000000005,beat
2024-04-12,2024-03-31,1.1,1.26,WFC,2024Q1,8096,0.15999999999999992,beat
2024-01-12,2023-12-31,1.16,1.29,WFC,2023Q4,8095,0.13000000000000012,beat
2023-10-13,2023-09-30,1.25,1.39,WFC,2023Q3,8094,0.1399999999999999,beat
2023-07-14,2023-06-30,1.15,1.25,WFC,2023Q2,8093,0.10000000000000009,beat
2023-04-14,2023-03-31,1.15,1.23,WFC,2023Q1,8092,0.08000000000000007,beat
2026-01-14,2025-12-31,0.96,0.98,BAC,2025Q4,8103,0.020000000000000018,beat
2025-10-15,2025-09-30,0.94,1.06,BAC,2025Q3,8102,0.1200000000000001,beat
2025-07-16,2025-06-30,0.86,0.89,BAC,2025Q2,8101,0.030000000000000027,beat
2025-04-15,2025-03-31,0.81,0.9,BAC,2025Q1,8100,0.08999999999999997,beat
2025-01-16,2024-12-31,0.77,0.82,BAC,2024Q4,8099,0.04999999999999993,beat
2024-10-15,2024-09-30,0.78,0.81,BAC,2024Q3,8098,0.030000000000000027,beat
2024-07-16,2024-06-30,0.79,0.83,BAC,2024Q2,8097,0.039999999999999925,beat
2024-04-16,2024-03-31,0.77,0.83,BAC,2024Q1,8096,0.05999999999999994,beat
2024-01-12,2023-12-31,0.69,0.7,BAC,2023Q4,8095,0.010000000000000009,beat
2023-10-17,2023-09-30,0.81,0.9,BAC,2023Q3,8094,0.08999999999999997,beat
2023-07-18,2023-06-30,0.84,0.88,BAC,2023Q2,8093,0.040000000000000036,beat
2023-04-18,2023-03-31,0.79,0.94,BAC,2023Q1,8092,0.1499999999999999,beat
2026-01-15,2025-12-31,2.82,3.14,TSM,2025Q4,8103,0.3200000000000003,beat
2025-10-16,2025-09-30,2.59,2.92,TSM,2025Q3,8102,0.33000000000000007,beat
2025-07-17,2025-06-30,2.37,2.47,TSM,2025Q2,8101,0.10000000000000009,beat
2025-04-17,2025-03-31,2.03,2.12,TSM,2025Q1,8100,0.0900000000000003,beat
2025-01-16,2024-12-31,2.16,2.24,TSM,2024Q4,8099,0.08000000000000007,beat
2024-10-17,2024-09-30,1.74,1.94,TSM,2024Q3,8098,0.19999999999999996,beat
2024-07-18,2024-06-30,1.37,1.48,TSM,2024Q2,8097,0.10999999999999988,beat
2024-04-18,2024-03-31,1.29,1.38,TSM,2024Q1,8096,0.08999999999999986,beat
2024-01-18,2023-12-31,1.37,1.44,TSM,2023Q4,8095,0.06999999999999984,beat
2023-10-19,2023-09-30,1.16,1.29,TSM,2023Q3,8094,0.13000000000000012,beat
2023-07-20,2023-06-30,1.07,1.14,TSM,2023Q2,8093,0.06999999999999984,beat
2023-04-20,2023-03-31,1.21,1.31,TSM,2023Q1,8092,0.10000000000000009,beat
2026-01-15,2025-12-31,2.41,2.68,MS,2025Q4,8103,0.27,beat
2025-10-15,2025-09-30,2.08,2.8,MS,2025Q3,8102,0.7199999999999998,beat
2025-07-16,2025-06-30,1.93,2.13,MS,2025Q2,8101,0.19999999999999996,beat
2025-04-11,2025-03-31,2.23,2.6,MS,2025Q1,8100,0.3700000000000001,beat
2025-01-16,2024-12-31,1.65,2.22,MS,2024Q4,8099,0.5700000000000003,beat
2024-10-16,2024-09-30,1.57,1.88,MS,2024Q3,8098,0.30999999999999983,beat
2024-07-16,2024-06-30,1.65,1.82,MS,2024Q2,8097,0.17000000000000015,beat
2024-04-16,2024-03-31,1.69,2.02,MS,2024Q1,8096,0.33000000000000007,beat
2024-01-16,2023-12-31,1.05,1.13,MS,2023Q4,8095,0.07999999999999985,beat
2023-10-18,2023-09-30,1.27,1.38,MS,2023Q3,8094,0.10999999999999988,beat
2023-07-18,2023-06-30,1.14,1.24,MS,2023Q2,8093,0.10000000000000009,beat
2023-04-19,2023-03-31,1.67,1.7,MS,2023Q1,8092,0.030000000000000027,beat
2026-01-15,2025-12-31,11.77,14.01,GS,2025Q4,8103,2.24,beat
2025-10-14,2025-09-30,11.11,12.25,GS,2025Q3,8102,1.1400000000000006,beat
2025-07-16,2025-06-30,9.43,10.91,GS,2025Q2,8101,1.4800000000000004,beat
2025-04-14,2025-03-31,12.71,14.12,GS,2025Q1,8100,1.4099999999999984,beat
2025-01-15,2024-12-31,8.07,11.95,GS,2024Q4,8099,3.879999999999999,beat
2024-10-15,2024-09-30,6.85,8.4,GS,2024Q3,8098,1.5500000000000007,beat
2024-07-15,2024-06-30,8.52,8.62,GS,2024Q2,8097,0.09999999999999964,beat
2024-04-15,2024-03-31,8.54,11.58,GS,2024Q1,8096,3.040000000000001,beat
2024-01-16,2023-12-31,3.47,5.48,GS,2023Q4,8095,2.0100000000000002,beat
2023-10-17,2023-09-30,5.32,5.47,GS,2023Q3,8094,0.14999999999999947,beat
2023-07-19,2023-06-30,3.25,3.08,GS,2023Q2,8093,-0.16999999999999993,miss
2023-04-18,2023-03-31,8.14,8.79,GS,2023Q1,8092,0.6499999999999986,beat
2026-01-15,2025-12-31,12.39,13.16,BLK,2025Q4,8103,0.7699999999999996,beat
2025-10-14,2025-09-30,11.19,11.55,BLK,2025Q3,8102,0.3600000000000012,beat
2025-07-15,2025-06-30,10.71,12.05,BLK,2025Q2,8101,1.3399999999999999,beat
2025-04-11,2025-03-31,10.25,11.3,BLK,2025Q1,8100,1.0500000000000007,beat
2025-01-15,2024-12-31,11.27,11.93,BLK,2024Q4,8099,0.6600000000000001,beat
2024-10-11,2024-09-30,10.42,11.46,BLK,2024Q3,8098,1.040000000000001,beat
2024-07-15,2024-06-30,9.96,10.36,BLK,2024Q2,8097,0.3999999999999986,beat
2024-04-12,2024-03-31,9.42,9.81,BLK,2024Q1,8096,0.39000000000000057,beat
2024-01-12,2023-12-31,8.84,9.66,BLK,2023Q4,8095,0.8200000000000003,beat
2023-10-13,2023-09-30,8.47,10.91,BLK,2023Q3,8094,2.4399999999999995,beat
2023-07-14,2023-06-30,8.47,9.28,BLK,2023Q2,8093,0.8099999999999987,beat
2023-04-14,2023-03-31,7.71,7.93,BLK,2023Q1,8092,0.21999999999999975,beat
2026-01-16,2025-12-31,4.44,4.72,MTB,2025Q4,8103,0.27999999999999936,beat
2025-10-16,2025-09-30,4.4,4.87,MTB,2025Q3,8102,0.46999999999999975,beat
2025-07-16,2025-06-30,4.04,4.28,MTB,2025Q2,8101,0.2400000000000002,beat
2025-04-14,2025-03-31,3.41,3.38,MTB,2025Q1,8100,-0.03000000000000025,miss
2025-01-16,2024-12-31,3.7,3.92,MTB,2024Q4,8099,0.21999999999999975,beat
2024-10-17,2024-09-30,3.6,4.08,MTB,2024Q3,8098,0.48,beat
2024-07-18,2024-06-30,3.5,3.79,MTB,2024Q2,8097,0.29000000000000004,beat
2024-04-15,2024-03-31,3.13,3.09,MTB,2024Q1,8096,-0.040000000000000036,miss
2024-01-18,2023-12-31,3.67,2.81,MTB,2023Q4,8095,-0.8599999999999999,miss
2023-10-18,2023-09-30,3.94,4.05,MTB,2023Q3,8094,0.10999999999999988,beat
2023-07-19,2023-06-30,4.11,5.12,MTB,2023Q2,8093,1.0099999999999998,beat
2023-04-17,2023-03-31,3.98,4.09,MTB,2023Q1,8092,0.10999999999999988,beat
2026-01-16,2025-12-31,2.82,2.97,STT,2025Q4,8103,0.15000000000000036,beat
2025-10-17,2025-09-30,2.62,2.78,STT,2025Q3,8102,0.1599999999999997,beat
2025-07-15,2025-06-30,2.36,2.53,STT,2025Q2,8101,0.16999999999999993,beat
2025-04-17,2025-03-31,1.98,2.04,STT,2025Q1,8100,0.06000000000000005,beat
2025-01-17,2024-12-31,2.42,2.6,STT,2024Q4,8099,0.18000000000000016,beat
2024-10-15,2024-09-30,2.08,2.26,STT,2024Q3,8098,0.17999999999999972,beat
2024-07-16,2024-06-30,2.01,2.15,STT,2024Q2,8097,0.14000000000000012,beat
2024-04-12,2024-03-31,1.48,1.69,STT,2024Q1,8096,0.20999999999999996,beat
2024-01-19,2023-12-31,1.81,2.04,STT,2023Q4,8095,0.22999999999999998,beat
2023-10-18,2023-09-30,1.77,1.93,STT,2023Q3,8094,0.15999999999999992,beat
2023-07-14,2023-06-30,2.08,2.17,STT,2023Q2,8093,0.08999999999999986,beat
2023-04-17,2023-03-31,1.62,1.52,STT,2023Q1,8092,-0.10000000000000009,miss
2026-01-16,2025-12-31,4.23,4.88,PNC,2025Q4,8103,0.6499999999999995,beat
2025-10-15,2025-09-30,4.05,4.35,PNC,2025Q3,8102,0.2999999999999998,beat
2025-07-16,2025-06-30,3.56,3.85,PNC,2025Q2,8101,0.29000000000000004,beat
2025-04-15,2025-03-31,3.4,3.51,PNC,2025Q1,8100,0.10999999999999988,beat
2025-01-16,2024-12-31,3.3,3.77,PNC,2024Q4,8099,0.4700000000000002,beat
2024-10-15,2024-09-30,3.29,3.49,PNC,2024Q3,8098,0.20000000000000018,beat
2024-07-16,2024-06-30,3.0,3.3,PNC,2024Q2,8097,0.2999999999999998,beat
2024-04-16,2024-03-31,3.09,3.36,PNC,2024Q1,8096,0.27,beat
2024-01-16,2023-12-31,2.99,3.16,PNC,2023Q4,8095,0.16999999999999993,beat
2023-10-13,2023-09-30,3.18,3.6,PNC,2023Q3,8094,0.41999999999999993,beat
2023-07-18,2023-06-30,3.31,3.36,PNC,2023Q2,8093,0.04999999999999982,beat
2023-04-14,2023-03-31,3.6,3.98,PNC,2023Q1,8092,0.3799999999999999,beat
2026-02-03,2025-12-31,1.34,1.59,BR,2025Q4,8103,0.25,beat
2025-11-04,2025-09-30,1.19,1.51,BR,2025Q3,8102,0.32000000000000006,beat
2025-08-05,2025-06-30,3.51,3.55,BR,2025Q2,8101,0.040000000000000036,beat
2025-05-01,2025-03-31,2.39,2.44,BR,2025Q1,8100,0.04999999999999982,beat
2025-01-31,2024-12-31,1.39,1.56,BR,2024Q4,8099,0.17000000000000015,beat
2024-11-05,2024-09-30,1.0,1.0,BR,2024Q3,8098,0.0,meet
2024-08-06,2024-06-30,3.48,3.5,BR,2024Q2,8097,0.020000000000000018,beat
2024-05-08,2024-03-31,2.23,2.23,BR,2024Q1,8096,0.0,meet
2024-02-01,2023-12-31,0.88,0.92,BR,2023Q4,8095,0.040000000000000036,beat
2023-11-02,2023-09-30,0.94,1.09,BR,2023Q3,8094,0.15000000000000013,beat
2023-08-08,2023-06-30,3.1,3.21,BR,2023Q2,8093,0.10999999999999988,beat
2023-05-02,2023-03-31,2.01,2.05,BR,2023Q1,8092,0.040000000000000036,beat
2026-01-29,2025-12-31,2.65,2.84,AAPL,2025Q4,8103,0.18999999999999995,beat
2025-10-30,2025-09-30,1.73,1.85,AAPL,2025Q3,8102,0.1200000000000001,beat
2025-07-31,2025-06-30,1.42,1.57,AAPL,2025Q2,8101,0.15000000000000013,beat
2025-05-01,2025-03-31,1.61,1.65,AAPL,2025Q1,8100,0.039999999999999813,beat
2025-01-30,2024-12-31,2.36,2.4,AAPL,2024Q4,8099,0.040000000000000036,beat
2024-10-31,2024-09-30,1.49,1.64,AAPL,2024Q3,8098,0.1499999999999999,beat
2024-08-01,2024-06-30,1.34,1.4,AAPL,2024Q2,8097,0.05999999999999983,beat
2024-05-02,2024-03-31,1.51,1.53,AAPL,2024Q1,8096,0.020000000000000018,beat
2024-02-01,2023-12-31,2.09,2.18,AAPL,2023Q4,8095,0.0900000000000003,beat
2023-11-02,2023-09-30,1.39,1.46,AAPL,2023Q3,8094,0.07000000000000006,beat
2023-08-03,2023-06-30,1.19,1.26,AAPL,2023Q2,8093,0.07000000000000006,beat
2023-05-04,2023-03-31,1.44,1.52,AAPL,2023Q1,8092,0.08000000000000007,beat
2026-01-28,2025-12-31,3.88,4.14,MSFT,2025Q4,8103,0.2599999999999998,beat
2025-10-29,2025-09-30,3.65,4.13,MSFT,2025Q3,8102,0.48,beat
2025-07-30,2025-06-30,3.35,3.65,MSFT,2025Q2,8101,0.2999999999999998,beat
2025-04-30,2025-03-31,3.2,3.46,MSFT,2025Q1,8100,0.2599999999999998,beat
2025-01-29,2024-12-31,3.11,3.23,MSFT,2024Q4,8099,0.1200000000000001,beat
2024-10-30,2024-09-30,3.08,3.3,MSFT,2024Q3,8098,0.21999999999999975,beat
2024-07-30,2024-06-30,2.9,2.95,MSFT,2024Q2,8097,0.050000000000000266,beat
2024-04-25,2024-03-31,2.81,2.94,MSFT,2024Q1,8096,0.1299999999999999,beat
2024-01-30,2023-12-31,2.76,2.93,MSFT,2023Q4,8095,0.17000000000000037,beat
2023-10-24,2023-09-30,2.65,2.99,MSFT,2023Q3,8094,0.3400000000000003,beat
2023-07-25,2023-06-30,2.54,2.69,MSFT,2023Q2,8093,0.1499999999999999,beat
2023-04-25,2023-03-31,2.22,2.45,MSFT,2023Q1,8092,0.22999999999999998,beat
2026-02-04,2025-12-31,2.57,2.82,GOOGL,2025Q4,8103,0.25,beat
2025-10-29,2025-09-30,2.26,2.87,GOOGL,2025Q3,8102,0.6100000000000003,beat
2025-07-23,2025-06-30,2.15,2.31,GOOGL,2025Q2,8101,0.16000000000000014,beat
2025-04-24,2025-03-31,2.02,2.81,GOOGL,2025Q1,8100,0.79,beat
2025-02-04,2024-12-31,2.12,2.15,GOOGL,2024Q4,8099,0.029999999999999805,beat
2024-10-29,2024-09-30,1.83,2.12,GOOGL,2024Q3,8098,0.29000000000000004,beat
2024-07-23,2024-06-30,1.85,1.89,GOOGL,2024Q2,8097,0.039999999999999813,beat
2024-04-25,2024-03-31,1.49,1.89,GOOGL,2024Q1,8096,0.3999999999999999,beat
2024-01-30,2023-12-31,1.6,1.64,GOOGL,2023Q4,8095,0.039999999999999813,beat
2023-10-24,2023-09-30,1.45,1.55,GOOGL,2023Q3,8094,0.10000000000000009,beat
2023-07-25,2023-06-30,1.32,1.44,GOOGL,2023Q2,8093,0.11999999999999988,beat
2023-04-25,2023-03-31,1.06,1.17,GOOGL,2023Q1,8092,0.10999999999999988,beat
2026-02-05,2025-12-31,1.98,1.95,AMZN,2025Q4,8103,-0.030000000000000027,miss
2025-10-30,2025-09-30,1.58,1.95,AMZN,2025Q3,8102,0.3699999999999999,beat
2025-07-31,2025-06-30,1.33,1.68,AMZN,2025Q2,8101,0.34999999999999987,beat
2025-05-01,2025-03-31,1.35,1.59,AMZN,2025Q1,8100,0.24,beat
2025-02-06,2024-12-31,1.52,1.86,AMZN,2024Q4,8099,0.3400000000000001,beat
2024-10-31,2024-09-30,1.14,1.43,AMZN,2024Q3,8098,0.29000000000000004,beat
2024-08-01,2024-06-30,1.05,1.23,AMZN,2024Q2,8097,0.17999999999999994,beat
2024-04-30,2024-03-31,0.83,1.13,AMZN,2024Q1,8096,0.29999999999999993,beat
2024-02-01,2023-12-31,0.81,1.01,AMZN,2023Q4,8095,0.19999999999999996,beat
2023-10-26,2023-09-30,0.58,0.85,AMZN,2023Q3,8094,0.27,beat
2023-08-03,2023-06-30,0.34,0.63,AMZN,2023Q2,8093,0.29,beat
2023-04-27,2023-03-31,0.21,0.31,AMZN,2023Q1,8092,0.1,beat
2025-11-19,2025-10-31,1.18,1.24,NVDA,2025Q4,8103,0.06000000000000005,beat
2025-08-27,2025-07-31,0.94,0.99,NVDA,2025Q3,8102,0.050000000000000044,beat
2025-05-28,2025-04-30,0.8,0.77,NVDA,2025Q2,8101,-0.030000000000000027,miss
2025-02-26,2025-01-31,0.79,0.85,NVDA,2025Q1,8100,0.05999999999999994,beat
2024-11-20,2024-10-31,0.7,0.78,NVDA,2024Q4,8099,0.08000000000000007,beat
2024-08-28,2024-07-31,0.6,0.65,NVDA,2024Q3,8098,0.050000000000000044,beat
2024-05-22,2024-04-30,0.51,0.58,NVDA,2024Q2,8097,0.06999999999999995,beat
2024-02-21,2024-01-31,0.42,0.49,NVDA,2024Q1,8096,0.07,beat
2023-11-21,2023-10-31,0.3,0.38,NVDA,2023Q4,8095,0.08000000000000002,beat
2023-08-23,2023-07-31,0.18,0.25,NVDA,2023Q3,8094,0.07,beat
2023-05-24,2023-04-30,0.06,0.09,NVDA,2023Q2,8093,0.03,beat
2023-02-22,2023-01-31,0.05,0.06,NVDA,2023Q1,8092,0.009999999999999995,beat
2026-01-28,2025-12-31,8.21,8.88,META,2025Q4,8103,0.6699999999999999,beat
2025-10-29,2025-09-30,6.61,7.25,META,2025Q3,8102,0.6399999999999997,beat
2025-07-30,2025-06-30,5.83,7.14,META,2025Q2,8101,1.3099999999999996,beat
2025-04-30,2025-03-31,5.22,6.43,META,2025Q1,8100,1.21,beat
2025-01-29,2024-12-31,6.68,8.02,META,2024Q4,8099,1.3399999999999999,beat
2024-10-30,2024-09-30,5.19,6.03,META,2024Q3,8098,0.8399999999999999,beat
2024-07-31,2024-06-30,4.7,5.16,META,2024Q2,8097,0.45999999999999996,beat
2024-04-24,2024-03-31,4.32,4.71,META,2024Q1,8096,0.3899999999999997,beat
2024-02-01,2023-12-31,4.83,5.33,META,2023Q4,8095,0.5,beat
2023-10-25,2023-09-30,3.62,4.39,META,2023Q3,8094,0.7699999999999996,beat
2023-07-26,2023-06-30,2.87,3.23,META,2023Q2,8093,0.3599999999999999,beat
2023-04-26,2023-03-31,1.96,2.64,META,2023Q1,8092,0.6800000000000002,beat
2026-01-28,2025-12-31,0.34,0.31,TSLA,2025Q4,8103,-0.030000000000000027,miss
2025-10-22,2025-09-30,0.41,0.37,TSLA,2025Q3,8102,-0.03999999999999998,miss
2025-07-23,2025-06-30,0.29,0.27,TSLA,2025Q2,8101,-0.019999999999999962,miss
2025-04-22,2025-03-31,0.35,0.15,TSLA,2025Q1,8100,-0.19999999999999998,miss
2025-01-29,2024-12-31,0.62,0.66,TSLA,2024Q4,8099,0.040000000000000036,beat
2024-10-23,2024-09-30,0.46,0.62,TSLA,2024Q3,8098,0.15999999999999998,beat
2024-07-23,2024-06-30,0.46,0.42,TSLA,2024Q2,8097,-0.040000000000000036,miss
2024-04-23,2024-03-31,0.35,0.35,TSLA,2024Q1,8096,0.0,meet
2024-01-24,2023-12-31,0.6,0.57,TSLA,2023Q4,8095,-0.030000000000000027,miss
2023-10-18,2023-09-30,0.64,0.53,TSLA,2023Q3,8094,-0.10999999999999999,miss
2023-07-19,2023-06-30,0.69,0.78,TSLA,2023Q2,8093,0.09000000000000008,beat
2023-04-19,2023-03-31,0.74,0.73,TSLA,2023Q1,8092,-0.010000000000000009,miss
2026-01-20,2025-12-31,0.55,0.56,NFLX,2025Q4,8103,0.010000000000000009,beat
2025-10-21,2025-09-30,0.69,0.59,NFLX,2025Q3,8102,-0.09999999999999998,miss
2025-07-17,2025-06-30,0.71,0.72,NFLX,2025Q2,8101,0.010000000000000009,beat
2025-04-17,2025-03-31,0.57,0.66,NFLX,2025Q1,8100,0.09000000000000008,beat
2025-01-21,2024-12-31,0.42,0.43,NFLX,2024Q4,8099,0.010000000000000009,beat
2024-10-17,2024-09-30,0.51,0.54,NFLX,2024Q3,8098,0.030000000000000027,beat
2024-07-18,2024-06-30,0.47,0.49,NFLX,2024Q2,8097,0.020000000000000018,beat
2024-04-18,2024-03-31,0.45,0.53,NFLX,2024Q1,8096,0.08000000000000002,beat
2024-01-23,2023-12-31,0.22,0.21,NFLX,2023Q4,8095,-0.010000000000000009,miss
2023-10-18,2023-09-30,0.35,0.37,NFLX,2023Q3,8094,0.020000000000000018,beat
2023-07-19,2023-06-30,0.28,0.33,NFLX,2023Q2,8093,0.04999999999999999,beat
2023-04-18,2023-03-31,0.28,0.29,NFLX,2023Q1,8092,0.009999999999999953,beat
2026-02-03,2025-12-31,1.11,1.24,AMD,2025Q4,8103,0.1299999999999999,beat
2025-11-04,2025-09-30,0.97,0.97,AMD,2025Q3,8102,0.0,meet
2025-08-05,2025-06-30,0.28,0.27,AMD,2025Q2,8101,-0.010000000000000009,miss
2025-05-06,2025-03-31,0.75,0.78,AMD,2025Q1,8100,0.030000000000000027,beat
2025-02-04,2024-12-31,0.88,0.88,AMD,2024Q4,8099,0.0,meet
2024-10-29,2024-09-30,0.71,0.76,AMD,2024Q3,8098,0.050000000000000044,beat
2024-07-30,2024-06-30,0.47,0.5,AMD,2024Q2,8097,0.030000000000000027,beat
2024-04-30,2024-03-31,0.41,0.43,AMD,2024Q1,8096,0.020000000000000018,beat
2024-01-30,2023-12-31,0.58,0.59,AMD,2023Q4,8095,0.010000000000000009,beat
2023-10-31,2023-09-30,0.49,0.53,AMD,2023Q3,8094,0.040000000000000036,beat
2023-08-01,2023-06-30,0.4,0.4,AMD,2023Q2,8093,0.0,meet
2023-05-02,2023-03-31,0.42,0.43,AMD,2023Q1,8092,0.010000000000000009,beat
2025-12-11,2025-10-31,1.49,1.61,AVGO,2025Q4,8103,0.1200000000000001,beat
2025-09-04,2025-07-31,1.35,1.26,AVGO,2025Q3,8102,-0.09000000000000008,miss
2025-06-05,2025-04-30,1.35,1.33,AVGO,2025Q2,8101,-0.020000000000000018,miss
2025-03-06,2025-01-31,1.27,1.4,AVGO,2025Q1,8100,0.1299999999999999,beat
2024-12-12,2024-10-31,1.13,1.25,AVGO,2024Q4,8099,0.1200000000000001,beat
2024-09-05,2024-07-31,0.95,1.02,AVGO,2024Q3,8098,0.07000000000000006,beat
2024-06-12,2024-04-30,0.82,0.87,AVGO,2024Q2,8097,0.050000000000000044,beat
2024-03-07,2024-01-31,0.89,0.86,AVGO,2024Q1,8096,-0.030000000000000027,miss
2023-12-07,2023-10-31,0.97,0.98,AVGO,2023Q4,8095,0.010000000000000009,beat
2023-08-31,2023-07-31,0.94,0.95,AVGO,2023Q3,8094,0.010000000000000009,beat
2023-06-01,2023-04-30,0.94,0.95,AVGO,2023Q2,8093,0.010000000000000009,beat
2023-03-02,2023-01-31,0.94,0.98,AVGO,2023Q1,8092,0.040000000000000036,beat
2026-01-22,2025-12-31,-0.02,0.04,INTC,2025Q4,8103,0.06,beat
2025-10-23,2025-09-30,-0.11,0.11,INTC,2025Q3,8102,0.22,beat
2025-07-24,2025-06-30,-0.14,-0.26,INTC,2025Q2,8101,-0.12,miss
2025-04-24,2025-03-31,-0.14,-0.02,INTC,2025Q1,8100,0.12000000000000001,beat
2025-01-30,2024-12-31,-0.04,-0.02,INTC,2024Q4,8099,0.02,beat
2024-10-31,2024-09-30,-0.2,-0.63,INTC,2024Q3,8098,-0.43,miss
2024-08-01,2024-06-30,-0.11,-0.14,INTC,2024Q2,8097,-0.030000000000000013,miss
2024-04-25,2024-03-31,-0.03,-0.06,INTC,2024Q1,8096,-0.03,miss
2024-01-25,2023-12-31,0.27,0.38,INTC,2023Q4,8095,0.10999999999999999,beat
2023-10-26,2023-09-30,0.03,0.28,INTC,2023Q3,8094,0.25,beat
2023-07-27,2023-06-30,-0.19,-0.05,INTC,2023Q2,8093,0.14,beat
2023-04-27,2023-03-31,-0.16,-0.21,INTC,2023Q1,8092,-0.04999999999999999,miss
2026-02-04,2025-12-31,2.8,2.8,QCOM,2025Q4,8103,0.0,meet
2025-11-05,2025-09-30,2.34,2.56,QCOM,2025Q3,8102,0.2200000000000002,beat
2025-07-30,2025-06-30,2.18,2.29,QCOM,2025Q2,8101,0.10999999999999988,beat
2025-04-30,2025-03-31,2.29,2.35,QCOM,2025Q1,8100,0.06000000000000005,beat
2025-02-05,2024-12-31,2.42,2.86,QCOM,2024Q4,8099,0.43999999999999995,beat
2024-11-06,2024-09-30,2.01,2.26,QCOM,2024Q3,8098,0.25,beat
2024-07-31,2024-06-30,1.72,1.93,QCOM,2024Q2,8097,0.20999999999999996,beat
2024-05-01,2024-03-31,1.82,1.93,QCOM,2024Q1,8096,0.10999999999999988,beat
2024-01-31,2023-12-31,1.9,2.33,QCOM,2023Q4,8095,0.43000000000000016,beat
2023-11-01,2023-09-30,1.45,1.59,QCOM,2023Q3,8094,0.14000000000000012,beat
2023-08-02,2023-06-30,1.35,1.4,QCOM,2023Q2,8093,0.04999999999999982,beat
2023-05-03,2023-03-31,1.83,1.69,QCOM,2023Q1,8092,-0.14000000000000012,miss
2026-02-04,2025-12-31,0.21,0.21,ARM,2025Q4,8103,0.0,meet
2025-11-05,2025-09-30,0.15,0.15,ARM,2025Q3,8102,0.0,meet
2025-07-30,2025-06-30,0.16,0.16,ARM,2025Q2,8101,0.0,meet
2025-05-07,2025-03-31,0.34,0.42,ARM,2025Q1,8100,0.07999999999999996,beat
2025-02-05,2024-12-31,0.16,0.24,ARM,2024Q4,8099,0.07999999999999999,beat
2024-11-06,2024-09-30,0.08,0.14,ARM,2024Q3,8098,0.06000000000000001,beat
2024-07-31,2024-06-30,0.17,0.26,ARM,2024Q2,8097,0.09,beat
2024-05-08,2024-03-31,0.16,0.03,ARM,2024Q1,8096,-0.13,miss
2024-02-07,2023-12-31,0.25,0.29,ARM,2023Q4,8095,0.03999999999999998,beat
2023-11-08,2023-09-30,0.26,0.36,ARM,2023Q3,8094,0.09999999999999998,beat
2026-01-28,2025-12-31,9.01,8.55,ASML,2025Q4,8103,-0.4599999999999991,miss
2025-10-15,2025-09-30,6.27,6.41,ASML,2025Q3,8102,0.14000000000000057,beat
2025-07-16,2025-06-30,5.94,4.55,ASML,2025Q2,8101,-1.3900000000000006,miss
2025-04-16,2025-03-31,6.12,6.31,ASML,2025Q1,8100,0.1899999999999995,beat
2025-01-29,2024-12-31,7.18,7.3,ASML,2024Q4,8099,0.1200000000000001,beat
2024-10-15,2024-09-30,5.24,5.8,ASML,2024Q3,8098,0.5599999999999996,beat
2024-07-17,2024-06-30,3.87,4.32,ASML,2024Q2,8097,0.4500000000000002,beat
2024-04-17,2024-03-31,2.84,3.38,ASML,2024Q1,8096,0.54,beat
2024-01-24,2023-12-31,5.12,5.6,ASML,2023Q4,8095,0.47999999999999954,beat
2023-10-18,2023-09-30,5.0,5.23,ASML,2023Q3,8094,0.23000000000000043,beat
2023-07-19,2023-06-30,4.98,5.37,ASML,2023Q2,8093,0.3899999999999997,beat
2023-04-19,2023-03-31,4.59,5.31,ASML,2023Q1,8092,0.7199999999999998,beat
2025-11-13,2025-10-31,2.11,2.17,AMAT,2025Q4,8103,0.06000000000000005,beat
2025-08-14,2025-07-31,2.34,2.48,AMAT,2025Q3,8102,0.14000000000000012,beat
2025-05-15,2025-04-30,2.31,2.39,AMAT,2025Q2,8101,0.08000000000000007,beat
2025-02-13,2025-01-31,2.28,2.38,AMAT,2025Q1,8100,0.10000000000000009,beat
2024-11-14,2024-10-31,2.18,2.32,AMAT,2024Q4,8099,0.13999999999999968,beat
2024-08-15,2024-07-31,2.01,2.12,AMAT,2024Q3,8098,0.11000000000000032,beat
2024-05-16,2024-04-30,1.97,2.09,AMAT,2024Q2,8097,0.11999999999999988,beat
2024-02-15,2024-01-31,1.9,2.13,AMAT,2024Q1,8096,0.22999999999999998,beat
2023-11-16,2023-10-31,1.98,2.12,AMAT,2023Q4,8095,0.14000000000000012,beat
2023-08-17,2023-07-31,1.73,1.9,AMAT,2023Q3,8094,0.16999999999999993,beat
2023-05-18,2023-04-30,1.84,2.0,AMAT,2023Q2,8093,0.15999999999999992,beat
2023-02-16,2023-01-31,1.93,2.03,AMAT,2023Q1,8092,0.09999999999999987,beat
2026-02-03,2025-12-31,0.41,0.56,SMCI,2025Q4,8103,0.15000000000000008,beat
2025-11-04,2025-09-30,0.19,0.26,SMCI,2025Q3,8102,0.07,beat
2025-08-05,2025-06-30,0.35,0.31,SMCI,2025Q2,8101,-0.03999999999999998,miss
2025-05-06,2025-03-31,0.21,0.19,SMCI,2025Q1,8100,-0.01999999999999999,miss
2025-02-25,2024-09-30,,0.67,SMCI,2024Q3,8098,,
2024-08-06,2024-06-30,0.76,0.55,SMCI,2024Q2,8097,-0.20999999999999996,miss
2024-04-30,2024-03-31,0.54,0.66,SMCI,2024Q1,8096,0.12,beat
2024-01-29,2023-12-31,0.49,0.51,SMCI,2023Q4,8095,0.020000000000000018,beat
2023-11-01,2023-09-30,0.3,0.28,SMCI,2023Q3,8094,-0.019999999999999962,miss
2023-08-08,2023-06-30,0.32,0.34,SMCI,2023Q2,8093,0.020000000000000018,beat
2023-05-02,2023-03-31,0.15,0.14,SMCI,2023Q1,8092,-0.009999999999999981,miss
2026-02-02,2025-12-31,0.17,0.24,PLTR,2025Q4,8103,0.06999999999999998,beat
2025-11-03,2025-09-30,0.12,0.18,PLTR,2025Q3,8102,0.06,beat
2025-08-04,2025-06-30,0.08,0.13,PLTR,2025Q2,8101,0.05,beat
2025-05-05,2025-03-31,0.08,0.04,PLTR,2025Q1,8100,-0.04,miss
2025-02-03,2024-12-31,0.05,-0.01,PLTR,2024Q4,8099,-0.060000000000000005,miss
2024-11-04,2024-09-30,0.05,0.06,PLTR,2024Q3,8098,0.009999999999999995,beat
2024-08-05,2024-06-30,0.04,0.03,PLTR,2024Q2,8097,-0.010000000000000002,miss
2024-05-06,2024-03-31,0.04,0.04,PLTR,2024Q1,8096,0.0,meet
2024-02-05,2023-12-31,0.04,0.03,PLTR,2023Q4,8095,-0.010000000000000002,miss
2023-11-02,2023-09-30,0.02,0.03,PLTR,2023Q3,8094,0.009999999999999998,beat
2023-08-07,2023-06-30,0.01,0.01,PLTR,2023Q2,8093,0.0,meet
2023-05-08,2023-03-31,0.0,0.01,PLTR,2023Q1,8092,0.01,beat
2025-12-03,2025-10-31,2.15,2.66,CRM,2025Q4,8103,0.5100000000000002,beat
2025-09-03,2025-07-31,2.12,2.27,CRM,2025Q3,8102,0.1499999999999999,beat
2025-05-28,2025-04-30,1.87,1.94,CRM,2025Q2,8101,0.06999999999999984,beat
2025-02-26,2025-01-31,1.95,2.22,CRM,2025Q1,8100,0.27000000000000024,beat
2024-12-03,2024-10-31,1.78,1.86,CRM,2024Q4,8099,0.08000000000000007,beat
2024-08-28,2024-07-31,1.73,1.92,CRM,2024Q3,8098,0.18999999999999995,beat
2024-05-29,2024-04-30,1.82,1.9,CRM,2024Q2,8097,0.07999999999999985,beat
2024-02-28,2024-01-31,1.72,1.78,CRM,2024Q1,8096,0.06000000000000005,beat
2023-11-29,2023-10-31,1.51,1.62,CRM,2023Q4,8095,0.1100000000000001,beat
2023-08-30,2023-07-31,1.33,1.63,CRM,2023Q3,8094,0.2999999999999998,beat
2023-05-31,2023-04-30,1.06,1.15,CRM,2023Q2,8093,0.08999999999999986,beat
2023-03-01,2023-01-31,0.73,1.01,CRM,2023Q1,8092,0.28,beat
2025-12-03,2025-10-31,-0.58,-0.84,SNOW,2025Q4,8103,-0.26,miss
2025-08-27,2025-07-31,-0.58,-0.8,SNOW,2025Q3,8102,-0.22000000000000008,miss
2025-05-21,2025-04-30,-0.59,-0.91,SNOW,2025Q2,8101,-0.32000000000000006,miss
2025-02-26,2025-01-31,-0.6,-0.9,SNOW,2025Q1,8100,-0.30000000000000004,miss
2024-11-20,2024-10-31,-0.6,-0.88,SNOW,2024Q4,8099,-0.28,miss
2024-08-21,2024-07-31,-0.56,-0.88,SNOW,2024Q3,8098,-0.31999999999999995,miss
2024-05-22,2024-04-30,-0.48,-0.88,SNOW,2024Q2,8097,-0.4,miss
2024-02-28,2024-01-31,-0.49,-0.44,SNOW,2024Q1,8096,0.04999999999999999,beat
2023-11-29,2023-10-31,-0.36,-0.58,SNOW,2023Q4,8095,-0.21999999999999997,miss
2023-08-23,2023-07-31,-0.35,-0.52,SNOW,2023Q3,8094,-0.17000000000000004,miss
2023-05-24,2023-04-30,-0.42,-0.66,SNOW,2023Q2,8093,-0.24000000000000005,miss
2023-03-01,2023-01-31,-0.48,-0.6,SNOW,2023Q1,8092,-0.12,miss
2026-02-10,2025-12-31,0.14,0.15,DDOG,2025Q4,8103,0.009999999999999981,beat
2025-11-06,2025-09-30,0.07,0.11,DDOG,2025Q3,8102,0.039999999999999994,beat
2025-08-07,2025-06-30,0.04,0.06,DDOG,2025Q2,8101,0.019999999999999997,beat
2025-05-06,2025-03-31,0.08,0.08,DDOG,2025Q1,8100,0.0,meet
2025-02-13,2024-12-31,0.1,0.13,DDOG,2024Q4,8099,0.03,beat
2024-11-07,2024-09-30,0.08,0.15,DDOG,2024Q3,8098,0.06999999999999999,beat
2024-08-08,2024-06-30,0.05,0.13,DDOG,2024Q2,8097,0.08,beat
2024-05-07,2024-03-31,-0.04,0.16,DDOG,2024Q1,8096,0.2,beat
2024-02-13,2023-12-31,0.07,0.17,DDOG,2023Q4,8095,0.1,beat
2023-11-07,2023-09-30,0.01,0.07,DDOG,2023Q3,8094,0.060000000000000005,beat
2023-08-08,2023-06-30,-0.04,0.0,DDOG,2023Q2,8093,0.04,beat
2023-05-04,2023-03-31,-0.02,-0.07,DDOG,2023Q1,8092,-0.05,miss
2025-11-19,2025-10-31,0.5,0.53,PANW,2025Q4,8103,0.030000000000000027,beat
2025-08-18,2025-07-31,0.5,0.42,PANW,2025Q3,8102,-0.08000000000000002,miss
2025-05-20,2025-04-30,0.41,0.43,PANW,2025Q2,8101,0.020000000000000018,beat
2025-02-13,2025-01-31,0.42,0.43,PANW,2025Q1,8100,0.010000000000000009,beat
2024-11-20,2024-10-31,0.41,0.41,PANW,2024Q4,8099,0.0,meet
2024-08-19,2024-07-31,0.38,0.43,PANW,2024Q3,8098,0.04999999999999999,beat
2024-05-20,2024-04-30,0.28,0.44,PANW,2024Q2,8097,0.15999999999999998,beat
2024-02-20,2024-01-31,0.29,0.4,PANW,2024Q1,8096,0.11000000000000004,beat
2023-11-15,2023-10-31,0.24,0.31,PANW,2023Q4,8095,0.07,beat
2023-08-18,2023-07-31,0.27,0.4,PANW,2023Q3,8094,0.13,beat
2023-05-23,2023-04-30,0.12,0.19,PANW,2023Q2,8093,0.07,beat
2023-02-21,2023-01-31,0.06,0.17,PANW,2023Q1,8092,0.11000000000000001,beat
2026-02-10,2025-12-31,0.02,-0.07,NET,2025Q4,8103,-0.09000000000000001,miss
2025-10-30,2025-09-30,-0.03,-0.01,NET,2025Q3,8102,0.019999999999999997,beat
2025-07-31,2025-06-30,-0.05,-0.13,NET,2025Q2,8101,-0.08,miss
2025-05-08,2025-03-31,-0.05,-0.11,NET,2025Q1,8100,-0.06,miss
2025-02-06,2024-12-31,-0.03,-0.03,NET,2024Q4,8099,0.0,meet
2024-11-07,2024-09-30,-0.03,-0.03,NET,2024Q3,8098,0.0,meet
2024-08-01,2024-06-30,-0.06,-0.03,NET,2024Q2,8097,0.03,beat
2024-05-02,2024-03-31,-0.05,-0.03,NET,2024Q1,8096,0.020000000000000004,beat
2024-02-08,2023-12-31,-0.07,-0.06,NET,2023Q4,8095,0.010000000000000009,beat
2023-11-02,2023-09-30,-0.08,-0.05,NET,2023Q3,8094,0.03,beat
2023-08-03,2023-06-30,-0.09,-0.12,NET,2023Q2,8093,-0.03,miss
2023-04-27,2023-03-31,-0.08,-0.1,NET,2023Q1,8092,-0.020000000000000004,miss
2026-02-11,2025-12-31,0.41,0.38,SHOP,2025Q4,8103,-0.02999999999999997,miss
2025-11-04,2025-09-30,0.24,0.27,SHOP,2025Q3,8102,0.030000000000000027,beat
2025-08-06,2025-06-30,0.2,0.25,SHOP,2025Q2,8101,0.04999999999999999,beat
2025-05-08,2025-03-31,0.17,0.18,SHOP,2025Q1,8100,0.009999999999999981,beat
2025-02-11,2024-12-31,0.35,0.34,SHOP,2024Q4,8099,-0.009999999999999953,miss
2024-11-12,2024-09-30,0.18,0.27,SHOP,2024Q3,8098,0.09000000000000002,beat
2024-08-07,2024-06-30,0.11,0.18,SHOP,2024Q2,8097,0.06999999999999999,beat
2024-05-08,2024-03-31,0.08,0.12,SHOP,2024Q1,8096,0.039999999999999994,beat
2024-02-13,2023-12-31,0.22,0.26,SHOP,2023Q4,8095,0.04000000000000001,beat
2023-11-02,2023-09-30,0.06,0.17,SHOP,2023Q3,8094,0.11000000000000001,beat
2023-08-02,2023-06-30,-0.06,-0.08,SHOP,2023Q2,8093,-0.020000000000000004,miss
2023-05-04,2023-03-31,-0.16,-0.08,SHOP,2023Q1,8092,0.08,beat
2026-01-28,2025-12-31,0.48,0.52,NOW,2025Q4,8103,0.040000000000000036,beat
2025-10-29,2025-09-30,0.47,0.59,NOW,2025Q3,8102,0.12,beat
2025-07-23,2025-06-30,0.34,0.44,NOW,2025Q2,8101,0.09999999999999998,beat
2025-04-23,2025-03-31,0.4,0.46,NOW,2025Q1,8100,0.06,beat
2025-01-29,2024-12-31,0.35,0.39,NOW,2024Q4,8099,0.040000000000000036,beat
2024-10-23,2024-09-30,0.36,0.43,NOW,2024Q3,8098,0.07,beat
2024-07-24,2024-06-30,0.22,0.28,NOW,2024Q2,8097,0.060000000000000026,beat
2024-04-24,2024-03-31,0.28,0.36,NOW,2024Q1,8096,0.07999999999999996,beat
2024-01-24,2023-12-31,0.22,0.22,NOW,2023Q4,8095,0.0,meet
2023-10-25,2023-09-30,0.18,0.24,NOW,2023Q3,8094,0.06,beat
2023-07-26,2023-06-30,0.09,0.15,NOW,2023Q2,8093,0.06,beat
2023-04-26,2023-03-31,0.09,0.17,NOW,2023Q1,8092,0.08000000000000002,beat
2025-12-10,2025-11-30,4.39,4.55,ADBE,2025Q4,8103,0.16000000000000014,beat
2025-09-11,2025-08-31,4.21,4.29,ADBE,2025Q3,8102,0.08000000000000007,beat
2025-06-12,2025-05-31,4.01,4.1,ADBE,2025Q2,8101,0.08999999999999986,beat
2025-03-12,2025-02-28,4.07,4.28,ADBE,2025Q1,8100,0.20999999999999996,beat
2024-12-11,2024-11-30,3.77,4.07,ADBE,2024Q4,8099,0.30000000000000027,beat
2024-09-12,2024-08-31,3.63,3.81,ADBE,2024Q3,8098,0.18000000000000016,beat
2024-06-13,2024-05-31,3.54,3.63,ADBE,2024Q2,8097,0.08999999999999986,beat
2024-03-14,2024-02-29,3.57,3.53,ADBE,2024Q1,8096,-0.040000000000000036,miss
2023-12-13,2023-11-30,3.32,3.52,ADBE,2023Q4,8095,0.20000000000000018,beat
2023-09-14,2023-08-31,3.17,3.26,ADBE,2023Q3,8094,0.08999999999999986,beat
2023-06-15,2023-05-31,3.0,3.04,ADBE,2023Q2,8093,0.040000000000000036,beat
2023-03-15,2023-02-28,2.97,2.97,ADBE,2023Q1,8092,0.0,meet
2026-02-12,2025-12-31,0.92,0.66,COIN,2025Q4,8103,-0.26,miss
2025-10-30,2025-09-30,1.03,1.44,COIN,2025Q3,8102,0.4099999999999999,beat
2025-07-31,2025-06-30,1.19,0.12,COIN,2025Q2,8101,-1.0699999999999998,miss
2025-05-08,2025-03-31,1.85,1.94,COIN,2025Q1,8100,0.08999999999999986,beat
2025-02-13,2024-12-31,1.94,3.39,COIN,2024Q4,8099,1.4500000000000002,beat
2024-10-30,2024-09-30,0.41,0.62,COIN,2024Q3,8098,0.21000000000000002,beat
2024-08-01,2024-06-30,1.07,1.07,COIN,2024Q2,8097,0.0,meet
2024-05-02,2024-03-31,1.04,1.65,COIN,2024Q1,8096,0.6099999999999999,beat
2024-02-15,2023-12-31,-0.09,1.04,COIN,2023Q4,8095,1.1300000000000001,beat
2023-11-02,2023-09-30,-0.54,-0.01,COIN,2023Q3,8094,0.53,beat
2023-08-03,2023-06-30,-0.78,-0.42,COIN,2023Q2,8093,0.36000000000000004,beat
2023-05-04,2023-03-31,-1.44,0.15,COIN,2023Q1,8092,1.5899999999999999,beat
2026-02-05,2025-12-31,46.02,-42.93,MSTR,2025Q4,8103,-88.95,miss
2025-10-30,2025-09-30,-0.11,8.42,MSTR,2025Q3,8102,8.53,beat
2025-07-31,2025-06-30,-0.12,32.6,MSTR,2025Q2,8101,32.72,beat
2025-05-01,2025-03-31,-0.1,-16.49,MSTR,2025Q1,8100,-16.389999999999997,miss
2025-02-05,2024-12-31,,-3.2,MSTR,2024Q4,8099,,
2024-10-30,2024-09-30,,-1.56,MSTR,2024Q3,8098,,
2024-08-01,2024-06-30,,-0.76,MSTR,2024Q2,8097,,
2024-04-29,2024-03-31,,-0.83,MSTR,2024Q1,8096,,
2024-02-06,2023-12-31,,0.56,MSTR,2023Q4,8095,,
2023-11-01,2023-09-30,0.07,-0.9,MSTR,2023Q3,8094,-0.97,miss
2023-08-01,2023-06-30,0.07,0.23,MSTR,2023Q2,8093,0.16,beat
2023-05-01,2023-03-31,0.05,3.06,MSTR,2023Q1,8092,3.0100000000000002,beat
2026-02-03,2025-12-31,1.29,1.23,PYPL,2025Q4,8103,-0.06000000000000005,miss
2025-10-28,2025-09-30,1.19,1.34,PYPL,2025Q3,8102,0.15000000000000013,beat
2025-07-29,2025-06-30,1.3,1.4,PYPL,2025Q2,8101,0.09999999999999987,beat
2025-04-29,2025-03-31,1.15,1.33,PYPL,2025Q1,8100,0.18000000000000016,beat
2025-02-04,2024-12-31,1.13,1.19,PYPL,2024Q4,8099,0.06000000000000005,beat
2024-10-29,2024-09-30,1.08,1.2,PYPL,2024Q3,8098,0.11999999999999988,beat
2024-07-30,2024-06-30,0.96,1.19,PYPL,2024Q2,8097,0.22999999999999998,beat
2024-04-30,2024-03-31,0.92,1.09,PYPL,2024Q1,8096,0.17000000000000004,beat
2024-02-07,2023-12-31,1.05,1.1,PYPL,2023Q4,8095,0.050000000000000044,beat
2023-11-01,2023-09-30,0.92,0.97,PYPL,2023Q3,8094,0.04999999999999993,beat
2023-08-02,2023-06-30,0.9,0.83,PYPL,2023Q2,8093,-0.07000000000000006,miss
2023-05-08,2023-03-31,0.83,0.86,PYPL,2023Q1,8092,0.030000000000000027,beat
2026-01-29,2025-12-31,3.14,3.17,V,2025Q4,8103,0.029999999999999805,beat
2025-10-28,2025-09-30,2.97,2.98,V,2025Q3,8102,0.009999999999999787,beat
2025-07-29,2025-06-30,2.86,2.98,V,2025Q2,8101,0.1200000000000001,beat
2025-04-29,2025-03-31,2.68,2.76,V,2025Q1,8100,0.07999999999999963,beat
2025-01-30,2024-12-31,2.66,2.75,V,2024Q4,8099,0.08999999999999986,beat
2024-10-29,2024-09-30,2.58,2.71,V,2024Q3,8098,0.1299999999999999,beat
2024-07-23,2024-06-30,2.41,2.42,V,2024Q2,8097,0.009999999999999787,beat
2024-04-23,2024-03-31,2.43,2.51,V,2024Q1,8096,0.07999999999999963,beat
2024-01-25,2023-12-31,2.33,2.41,V,2023Q4,8095,0.08000000000000007,beat
2023-10-24,2023-09-30,2.23,2.33,V,2023Q3,8094,0.10000000000000009,beat
2023-07-25,2023-06-30,2.11,2.16,V,2023Q2,8093,0.050000000000000266,beat
2023-04-25,2023-03-31,1.97,2.09,V,2023Q1,8092,0.11999999999999988,beat
2026-01-29,2025-12-31,4.2,4.76,MA,2025Q4,8103,0.5599999999999996,beat
2025-10-30,2025-09-30,4.31,4.38,MA,2025Q3,8102,0.07000000000000028,beat
2025-07-31,2025-06-30,4.05,4.15,MA,2025Q2,8101,0.10000000000000053,beat
2025-05-01,2025-03-31,3.57,3.73,MA,2025Q1,8100,0.16000000000000014,beat
2025-01-30,2024-12-31,3.68,3.82,MA,2024Q4,8099,0.13999999999999968,beat
2024-10-31,2024-09-30,3.73,3.89,MA,2024Q3,8098,0.16000000000000014,beat
2024-07-31,2024-06-30,3.51,3.59,MA,2024Q2,8097,0.08000000000000007,beat
2024-05-01,2024-03-31,3.22,3.31,MA,2024Q1,8096,0.08999999999999986,beat
2024-01-31,2023-12-31,3.08,3.18,MA,2023Q4,8095,0.10000000000000009,beat
2023-10-26,2023-09-30,3.21,3.39,MA,2023Q3,8094,0.18000000000000016,beat
2023-07-27,2023-06-30,2.84,2.89,MA,2023Q2,8093,0.050000000000000266,beat
2023-04-27,2023-03-31,2.71,2.8,MA,2023Q1,8092,0.08999999999999986,beat
2026-02-10,2025-12-31,0.63,0.66,HOOD,2025Q4,8103,0.030000000000000027,beat
2025-11-05,2025-09-30,0.51,0.61,HOOD,2025Q3,8102,0.09999999999999998,beat
2025-07-30,2025-06-30,0.31,0.42,HOOD,2025Q2,8101,0.10999999999999999,beat
2025-04-30,2025-03-31,0.31,0.37,HOOD,2025Q1,8100,0.06,beat
2025-02-12,2024-12-31,0.42,0.54,HOOD,2024Q4,8099,0.12000000000000005,beat
2024-10-30,2024-09-30,0.18,0.17,HOOD,2024Q3,8098,-0.009999999999999981,miss
2024-08-07,2024-06-30,0.15,0.21,HOOD,2024Q2,8097,0.06,beat
2024-05-08,2024-03-31,0.05,0.18,HOOD,2024Q1,8096,0.13,beat
2024-02-13,2023-12-31,-0.01,0.03,HOOD,2023Q4,8095,0.04,beat
2023-11-07,2023-09-30,-0.1,-0.09,HOOD,2023Q3,8094,0.010000000000000009,beat
2023-08-02,2023-06-30,-0.02,0.03,HOOD,2023Q2,8093,0.05,beat
2023-05-10,2023-03-31,-0.61,-0.57,HOOD,2023Q1,8092,0.040000000000000036,beat
2025-11-20,2025-10-31,0.61,0.62,WMT,2025Q4,8103,0.010000000000000009,beat
2025-08-21,2025-07-31,0.73,0.68,WMT,2025Q3,8102,-0.04999999999999993,miss
2025-05-15,2025-04-30,0.57,0.61,WMT,2025Q2,8101,0.040000000000000036,beat
2025-02-20,2025-01-31,0.65,0.66,WMT,2025Q1,8100,0.010000000000000009,beat
2024-11-19,2024-10-31,0.53,0.58,WMT,2024Q4,8099,0.04999999999999993,beat
2024-08-15,2024-07-31,0.65,0.67,WMT,2024Q3,8098,0.020000000000000018,beat
2024-05-16,2024-04-30,0.52,0.6,WMT,2024Q2,8097,0.07999999999999996,beat
2024-02-20,2024-01-31,0.55,0.6,WMT,2024Q1,8096,0.04999999999999993,beat
2023-11-16,2023-10-31,0.51,0.51,WMT,2023Q4,8095,0.0,meet
2023-08-17,2023-07-31,0.56,0.61,WMT,2023Q3,8094,0.04999999999999993,beat
2023-05-18,2023-04-30,0.44,0.49,WMT,2023Q2,8093,0.04999999999999999,beat
2023-02-21,2023-01-31,0.51,0.57,WMT,2023Q1,8092,0.05999999999999994,beat
2025-12-11,2025-11-30,4.26,4.34,COST,2025Q4,8103,0.08000000000000007,beat
2025-09-25,2025-08-31,5.81,5.87,COST,2025Q3,8102,0.0600000000000005,beat
2025-05-29,2025-05-31,4.25,4.28,COST,2025Q2,8101,0.03000000000000025,beat
2025-03-06,2025-02-28,4.09,4.02,COST,2025Q1,8100,-0.07000000000000028,miss
2024-12-12,2024-11-30,3.79,3.82,COST,2024Q4,8099,0.029999999999999805,beat
2024-09-26,2024-08-31,5.05,5.15,COST,2024Q3,8098,0.10000000000000053,beat
2024-05-30,2024-05-31,,3.78,COST,2024Q2,8097,,
2024-03-07,2024-02-29,3.6,3.71,COST,2024Q1,8096,0.10999999999999988,beat
2023-12-14,2023-11-30,3.45,3.48,COST,2023Q4,8095,0.029999999999999805,beat
2023-09-26,2023-08-31,4.71,4.86,COST,2023Q3,8094,0.15000000000000036,beat
2023-05-25,2023-05-31,3.32,3.43,COST,2023Q2,8093,0.11000000000000032,beat
2023-03-02,2023-02-28,3.2,3.3,COST,2023Q1,8092,0.09999999999999964,beat
2025-11-19,2025-10-31,1.76,1.78,TGT,2025Q4,8103,0.020000000000000018,beat
2025-08-20,2025-07-31,2.09,2.05,TGT,2025Q3,8102,-0.040000000000000036,miss
2025-05-21,2025-04-30,1.62,1.3,TGT,2025Q2,8101,-0.32000000000000006,miss
2025-03-04,2025-01-31,2.25,2.41,TGT,2025Q1,8100,0.16000000000000014,beat
2024-11-20,2024-10-31,2.29,1.85,TGT,2024Q4,8099,-0.43999999999999995,miss
2024-08-21,2024-07-31,2.16,2.57,TGT,2024Q3,8098,0.4099999999999997,beat
2024-05-22,2024-04-30,2.05,2.03,TGT,2024Q2,8097,-0.020000000000000018,miss
2024-03-05,2024-01-31,2.46,2.98,TGT,2024Q1,8096,0.52,beat
2023-11-15,2023-10-31,1.48,2.1,TGT,2023Q4,8095,0.6200000000000001,beat
2023-08-16,2023-07-31,1.41,1.8,TGT,2023Q3,8094,0.3900000000000001,beat
2023-05-17,2023-04-30,1.74,2.05,TGT,2023Q2,8093,0.30999999999999983,beat
2023-02-28,2023-01-31,1.39,1.89,TGT,2023Q1,8092,0.5,beat
2026-01-28,2025-12-31,0.58,0.56,SBUX,2025Q4,8103,-0.019999999999999907,miss
2025-10-29,2025-09-30,0.55,0.52,SBUX,2025Q3,8102,-0.030000000000000027,miss
2025-07-29,2025-06-30,0.65,0.5,SBUX,2025Q2,8101,-0.15000000000000002,miss
2025-04-29,2025-03-31,0.49,0.41,SBUX,2025Q1,8100,-0.08000000000000002,miss
2025-01-28,2024-12-31,0.66,0.69,SBUX,2024Q4,8099,0.029999999999999916,beat
2024-10-30,2024-09-30,0.8,0.8,SBUX,2024Q3,8098,0.0,meet
2024-07-30,2024-06-30,0.93,0.93,SBUX,2024Q2,8097,0.0,meet
2024-04-30,2024-03-31,0.79,0.68,SBUX,2024Q1,8096,-0.10999999999999999,miss
2024-01-30,2023-12-31,0.92,0.9,SBUX,2023Q4,8095,-0.020000000000000018,miss
2023-11-02,2023-09-30,0.97,1.06,SBUX,2023Q3,8094,0.09000000000000008,beat
2023-08-01,2023-06-30,0.95,1.0,SBUX,2023Q2,8093,0.050000000000000044,beat
2023-05-02,2023-03-31,0.64,0.74,SBUX,2023Q1,8092,0.09999999999999998,beat
2026-02-02,2025-12-31,1.57,1.63,DIS,2025Q4,8103,0.05999999999999983,beat
2025-11-13,2025-09-30,1.03,1.11,DIS,2025Q3,8102,0.08000000000000007,beat
2025-08-06,2025-06-30,1.46,1.61,DIS,2025Q2,8101,0.15000000000000013,beat
2025-05-07,2025-03-31,1.18,1.45,DIS,2025Q1,8100,0.27,beat
2025-02-05,2024-12-31,1.44,1.76,DIS,2024Q4,8099,0.32000000000000006,beat
2024-11-14,2024-09-30,1.09,1.14,DIS,2024Q3,8098,0.04999999999999982,beat
2024-08-07,2024-06-30,1.2,1.39,DIS,2024Q2,8097,0.18999999999999995,beat
2024-05-07,2024-03-31,1.12,1.21,DIS,2024Q1,8096,0.08999999999999986,beat
2024-02-07,2023-12-31,0.97,1.22,DIS,2023Q4,8095,0.25,beat
2023-11-08,2023-09-30,0.67,0.82,DIS,2023Q3,8094,0.1499999999999999,beat
2023-08-09,2023-06-30,0.99,1.03,DIS,2023Q2,8093,0.040000000000000036,beat
2023-05-10,2023-03-31,0.89,0.93,DIS,2023Q1,8092,0.040000000000000036,beat
2025-11-25,2025-09-30,0.49,0.44,BABA,2025Q3,8102,-0.04999999999999999,miss
2025-08-29,2025-06-30,1.95,1.89,BABA,2025Q2,8101,-0.06000000000000005,miss
2025-05-15,2025-03-31,1.28,1.57,BABA,2025Q1,8100,0.29000000000000004,beat
2025-02-20,2024-12-31,2.84,2.77,BABA,2024Q4,8099,-0.06999999999999984,miss
2024-11-15,2024-09-30,2.01,1.93,BABA,2024Q3,8098,-0.07999999999999985,miss
2024-08-15,2024-06-30,1.87,2.04,BABA,2024Q2,8097,0.16999999999999993,beat
2024-05-14,2024-03-31,0.92,1.05,BABA,2024Q1,8096,0.13,beat
2024-02-07,2023-12-31,2.4,2.4,BABA,2023Q4,8095,0.0,meet
2023-11-16,2023-09-30,1.86,1.82,BABA,2023Q3,8094,-0.040000000000000036,miss
2023-08-10,2023-06-30,1.66,2.47,BABA,2023Q2,8093,0.8100000000000003,beat
2023-05-18,2023-03-31,0.92,1.15,BABA,2023Q1,8092,0.22999999999999987,beat
2025-11-18,2025-09-30,1.99,2.77,PDD,2025Q3,8102,0.78,beat
2025-08-25,2025-06-30,1.69,2.9,PDD,2025Q2,8101,1.21,beat
2025-05-27,2025-03-31,2.25,1.37,PDD,2025Q1,8100,-0.8799999999999999,miss
2025-03-20,2024-12-31,2.31,2.54,PDD,2024Q4,8099,0.22999999999999998,beat
2024-11-21,2024-09-30,2.62,2.41,PDD,2024Q3,8098,-0.20999999999999996,miss
2024-08-26,2024-06-30,2.67,2.97,PDD,2024Q2,8097,0.30000000000000027,beat
2024-05-22,2024-03-31,1.44,2.63,PDD,2024Q1,8096,1.19,beat
2024-03-20,2023-12-31,1.42,2.23,PDD,2023Q4,8095,0.81,beat
2023-11-28,2023-09-30,0.99,1.45,PDD,2023Q3,8094,0.45999999999999996,beat
2023-08-29,2023-06-30,0.91,1.27,PDD,2023Q2,8093,0.36,beat
2023-05-26,2023-03-31,0.49,0.86,PDD,2023Q1,8092,0.37,beat
2026-02-10,2025-12-31,0.57,0.58,KO,2025Q4,8103,0.010000000000000009,beat
2025-10-21,2025-09-30,0.78,0.82,KO,2025Q3,8102,0.039999999999999925,beat
2025-07-22,2025-06-30,0.83,0.87,KO,2025Q2,8101,0.040000000000000036,beat
2025-04-29,2025-03-31,0.71,0.73,KO,2025Q1,8100,0.020000000000000018,beat
2025-02-11,2024-12-31,0.51,0.55,KO,2024Q4,8099,0.040000000000000036,beat
2024-10-23,2024-09-30,0.74,0.77,KO,2024Q3,8098,0.030000000000000027,beat
2024-07-23,2024-06-30,0.8,0.84,KO,2024Q2,8097,0.039999999999999925,beat
2024-04-30,2024-03-31,0.69,0.72,KO,2024Q1,8096,0.030000000000000027,beat
2024-02-13,2023-12-31,0.48,0.49,KO,2023Q4,8095,0.010000000000000009,beat
2023-10-24,2023-09-30,0.69,0.74,KO,2023Q3,8094,0.050000000000000044,beat
2023-07-26,2023-06-30,0.72,0.78,KO,2023Q2,8093,0.06000000000000005,beat
2023-04-24,2023-03-31,0.65,0.68,KO,2023Q1,8092,0.030000000000000027,beat
2026-02-03,2025-12-31,2.24,2.26,PEP,2025Q4,8103,0.019999999999999574,beat
2025-10-09,2025-09-30,2.27,2.29,PEP,2025Q3,8102,0.020000000000000018,beat
2025-07-17,2025-06-30,2.03,2.12,PEP,2025Q2,8101,0.0900000000000003,beat
2025-04-24,2025-03-31,1.5,1.48,PEP,2025Q1,8100,-0.020000000000000018,miss
2025-02-04,2024-12-31,1.95,1.96,PEP,2024Q4,8099,0.010000000000000009,beat
2024-10-08,2024-09-30,2.3,2.31,PEP,2024Q3,8098,0.010000000000000231,beat
2024-07-11,2024-06-30,2.15,2.28,PEP,2024Q2,8097,0.1299999999999999,beat
2024-04-23,2024-03-31,1.52,1.61,PEP,2024Q1,8096,0.09000000000000008,beat
2024-02-09,2023-12-31,1.72,1.78,PEP,2023Q4,8095,0.06000000000000005,beat
2023-10-10,2023-09-30,2.17,2.25,PEP,2023Q3,8094,0.08000000000000007,beat
2023-07-13,2023-06-30,1.95,2.09,PEP,2023Q2,8093,0.1399999999999999,beat
2023-04-25,2023-03-31,1.37,1.5,PEP,2023Q1,8092,0.1299999999999999,beat
2026-02-04,2025-12-31,0.79,0.71,UBER,2025Q4,8103,-0.08000000000000007,miss
2025-11-04,2025-09-30,0.67,3.11,UBER,2025Q3,8102,2.44,beat
2025-08-06,2025-06-30,0.62,0.63,UBER,2025Q2,8101,0.010000000000000009,beat
2025-05-07,2025-03-31,0.51,0.83,UBER,2025Q1,8100,0.31999999999999995,beat
2025-02-05,2024-12-31,0.5,3.21,UBER,2024Q4,8099,2.71,beat
2024-10-31,2024-09-30,0.41,1.2,UBER,2024Q3,8098,0.79,beat
2024-08-06,2024-06-30,0.31,0.47,UBER,2024Q2,8097,0.15999999999999998,beat
2024-05-08,2024-03-31,0.21,-0.32,UBER,2024Q1,8096,-0.53,miss
2024-02-07,2023-12-31,0.15,0.66,UBER,2023Q4,8095,0.51,beat
2023-11-07,2023-09-30,0.13,0.1,UBER,2023Q3,8094,-0.03,miss
2023-08-01,2023-06-30,-0.01,0.18,UBER,2023Q2,8093,0.19,beat
2023-05-02,2023-03-31,-0.1,-0.08,UBER,2023Q1,8092,0.020000000000000004,beat
2026-02-12,2025-12-31,0.66,0.56,ABNB,2025Q4,8103,-0.09999999999999998,miss
2025-11-06,2025-09-30,2.29,2.21,ABNB,2025Q3,8102,-0.08000000000000007,miss
2025-08-06,2025-06-30,0.93,1.03,ABNB,2025Q2,8101,0.09999999999999998,beat
2025-05-01,2025-03-31,0.25,0.24,ABNB,2025Q1,8100,-0.010000000000000009,miss
2025-02-13,2024-12-31,0.58,0.73,ABNB,2024Q4,8099,0.15000000000000002,beat
2024-11-07,2024-09-30,2.17,2.13,ABNB,2024Q3,8098,-0.040000000000000036,miss
2024-08-06,2024-06-30,0.92,0.86,ABNB,2024Q2,8097,-0.06000000000000005,miss
2024-05-08,2024-03-31,0.23,0.41,ABNB,2024Q1,8096,0.17999999999999997,beat
2024-02-13,2023-12-31,0.67,0.76,ABNB,2023Q4,8095,0.08999999999999997,beat
2023-11-01,2023-09-30,2.08,2.39,ABNB,2023Q3,8094,0.31000000000000005,beat
2023-08-03,2023-06-30,0.77,0.98,ABNB,2023Q2,8093,0.20999999999999996,beat
2023-05-09,2023-03-31,0.1,0.18,ABNB,2023Q1,8092,0.07999999999999999,beat
2025-12-18,2025-11-30,4.07,4.82,FDX,2025Q4,8103,0.75,beat
2025-09-18,2025-08-31,3.65,3.83,FDX,2025Q3,8102,0.18000000000000016,beat
2025-06-24,2025-05-31,5.93,6.07,FDX,2025Q2,8101,0.14000000000000057,beat
2025-03-20,2025-02-28,4.65,4.51,FDX,2025Q1,8100,-0.14000000000000057,miss
2024-12-19,2024-11-30,3.9,4.05,FDX,2024Q4,8099,0.1499999999999999,beat
2024-09-19,2024-08-31,4.82,3.6,FDX,2024Q3,8098,-1.2200000000000002,miss
2024-06-25,2024-05-31,5.34,5.41,FDX,2024Q2,8097,0.07000000000000028,beat
2024-03-21,2024-02-29,3.49,3.86,FDX,2024Q1,8096,0.36999999999999966,beat
2023-12-19,2023-11-30,4.14,3.99,FDX,2023Q4,8095,-0.14999999999999947,miss
2023-09-20,2023-08-31,3.7,4.55,FDX,2023Q3,8094,0.8499999999999996,beat
2023-06-20,2023-05-31,4.83,4.94,FDX,2023Q2,8093,0.11000000000000032,beat
2023-03-16,2023-02-28,2.67,3.41,FDX,2023Q1,8092,0.7400000000000002,beat
2026-01-27,2025-12-31,2.22,2.38,UPS,2025Q4,8103,0.1599999999999997,beat
2025-10-28,2025-09-30,1.31,1.74,UPS,2025Q3,8102,0.42999999999999994,beat
2025-07-29,2025-06-30,1.56,1.55,UPS,2025Q2,8101,-0.010000000000000009,miss
2025-04-29,2025-03-31,1.42,1.49,UPS,2025Q1,8100,0.07000000000000006,beat
2025-01-30,2024-12-31,2.52,2.75,UPS,2024Q4,8099,0.22999999999999998,beat
2024-10-24,2024-09-30,1.65,1.76,UPS,2024Q3,8098,0.1100000000000001,beat
2024-07-23,2024-06-30,1.98,1.79,UPS,2024Q2,8097,-0.18999999999999995,miss
2024-04-23,2024-03-31,1.33,1.43,UPS,2024Q1,8096,0.09999999999999987,beat
2024-01-30,2023-12-31,2.44,2.47,UPS,2023Q4,8095,0.03000000000000025,beat
2023-10-26,2023-09-30,1.53,1.57,UPS,2023Q3,8094,0.040000000000000036,beat
2023-08-08,2023-06-30,2.51,2.54,UPS,2023Q2,8093,0.03000000000000025,beat
2023-04-25,2023-03-31,2.19,2.2,UPS,2023Q1,8092,0.010000000000000231,beat
2026-01-27,2025-12-31,-0.4,-1.91,BA,2025Q4,8103,-1.5099999999999998,miss
2025-10-29,2025-09-30,-3.85,-7.47,BA,2025Q3,8102,-3.6199999999999997,miss
2025-07-29,2025-06-30,-1.54,-1.24,BA,2025Q2,8101,0.30000000000000004,beat
2025-04-23,2025-03-31,-1.54,-0.49,BA,2025Q1,8100,1.05,beat
2025-01-28,2024-12-31,-3.22,-5.9,BA,2024Q4,8099,-2.68,miss
2024-10-23,2024-09-30,-10.34,-10.44,BA,2024Q3,8098,-0.09999999999999964,miss
2024-07-31,2024-06-30,-1.79,-2.9,BA,2024Q2,8097,-1.1099999999999999,miss
2024-04-24,2024-03-31,-1.43,-1.13,BA,2024Q1,8096,0.30000000000000004,beat
2024-01-31,2023-12-31,-0.72,-0.47,BA,2023Q4,8095,0.25,beat
2023-10-25,2023-09-30,-3.21,-3.26,BA,2023Q3,8094,-0.04999999999999982,miss
2023-07-26,2023-06-30,-0.99,-0.82,BA,2023Q2,8093,0.17000000000000004,beat
2023-04-26,2023-03-31,-0.98,-1.27,BA,2023Q1,8092,-0.29000000000000004,miss
2026-02-10,2025-12-31,0.17,0.13,F,2025Q4,8103,-0.04000000000000001,miss
2025-10-23,2025-09-30,0.38,0.45,F,2025Q3,8102,0.07,beat
2025-07-30,2025-06-30,0.34,0.37,F,2025Q2,8101,0.02999999999999997,beat
2025-05-05,2025-03-31,0.0,0.14,F,2025Q1,8100,0.14,beat
2025-02-05,2024-12-31,0.34,0.39,F,2024Q4,8099,0.04999999999999999,beat
2024-10-28,2024-09-30,0.49,0.49,F,2024Q3,8098,0.0,meet
2024-07-24,2024-06-30,0.64,0.47,F,2024Q2,8097,-0.17000000000000004,miss
2024-04-24,2024-03-31,0.42,0.49,F,2024Q1,8096,0.07,beat
2024-02-06,2023-12-31,0.12,0.29,F,2023Q4,8095,0.16999999999999998,beat
2023-10-26,2023-09-30,0.4,0.39,F,2023Q3,8094,-0.010000000000000009,miss
2023-07-27,2023-06-30,0.51,0.72,F,2023Q2,8093,0.20999999999999996,beat
2023-05-02,2023-03-31,0.4,0.63,F,2023Q1,8092,0.22999999999999998,beat
2026-01-28,2025-12-31,3.05,13.39,GEV,2025Q4,8103,10.34,beat
2025-10-22,2025-09-30,1.78,1.64,GEV,2025Q3,8102,-0.14000000000000012,miss
2025-07-23,2025-06-30,1.6,1.86,GEV,2025Q2,8101,0.26,beat
2025-04-23,2025-03-31,0.45,0.91,GEV,2025Q1,8100,0.46,beat
2025-01-22,2024-12-31,2.32,1.73,GEV,2024Q4,8099,-0.5899999999999999,miss
2024-10-23,2024-09-30,0.22,0.35,GEV,2024Q3,8098,0.12999999999999998,beat
2024-07-24,2024-06-30,0.69,0.71,GEV,2024Q2,8097,0.020000000000000018,beat
2024-04-25,2024-03-31,-0.24,-0.41,GEV,2024Q1,8096,-0.16999999999999998,miss
2025-12-09,2025-10-31,,0.24,GME,2025Q4,8103,,
2025-09-09,2025-07-31,0.19,0.25,GME,2025Q3,8102,0.06,beat
2025-06-10,2025-04-30,0.08,0.17,GME,2025Q2,8101,0.09000000000000001,beat
2025-03-25,2025-01-31,0.09,0.3,GME,2025Q1,8100,0.21,beat
2024-12-10,2024-10-31,0.0,0.06,GME,2024Q4,8099,0.06,beat
2024-09-10,2024-07-31,-0.01,0.01,GME,2024Q3,8098,0.02,beat
2024-06-07,2024-04-30,-0.1,-0.12,GME,2024Q2,8097,-0.01999999999999999,miss
2024-03-26,2024-01-31,0.25,0.22,GME,2024Q1,8096,-0.03,miss
2023-12-06,2023-10-31,-0.12,0.0,GME,2023Q4,8095,0.12,beat
2023-09-06,2023-07-31,-0.15,-0.03,GME,2023Q3,8094,0.12,beat
2023-06-07,2023-04-30,-0.17,-0.14,GME,2023Q2,8093,0.03,beat
2023-03-21,2023-01-31,-0.16,0.16,GME,2023Q1,8092,0.32,beat
2026-02-03,2025-12-31,0.57,0.66,PFE,2025Q4,8103,0.09000000000000008,beat
2025-11-04,2025-09-30,0.66,0.87,PFE,2025Q3,8102,0.20999999999999996,beat
2025-08-05,2025-06-30,0.58,0.78,PFE,2025Q2,8101,0.20000000000000007,beat
2025-04-29,2025-03-31,0.64,0.92,PFE,2025Q1,8100,0.28,beat
2025-02-04,2024-12-31,0.48,0.63,PFE,2024Q4,8099,0.15000000000000002,beat
2024-10-29,2024-09-30,0.64,1.06,PFE,2024Q3,8098,0.42000000000000004,beat
2024-07-30,2024-06-30,0.45,0.6,PFE,2024Q2,8097,0.14999999999999997,beat
2024-05-01,2024-03-31,0.56,0.82,PFE,2024Q1,8096,0.2599999999999999,beat
2024-01-30,2023-12-31,-0.19,0.1,PFE,2023Q4,8095,0.29000000000000004,beat
2023-10-31,2023-09-30,-0.32,-0.17,PFE,2023Q3,8094,0.15,beat
2023-08-01,2023-06-30,0.56,0.67,PFE,2023Q2,8093,0.10999999999999999,beat
2023-05-02,2023-03-31,1.0,1.23,PFE,2023Q1,8092,0.22999999999999998,beat
